oddOrPos,u-Cccr,0,0,0,0,0.0,2,7,5.0,0.06640625,For,0,0
oddOrPos,u-Cccr,0,0,0,0,0.0,2,7,5.0,0.06640625,For,0,0
oddOrPos,u-Cccr,1,0,2,2,2.0,4,5,4.5,1.0,If,0,0
oddOrPos,u-Cccr,1,0,2,2,2.0,4,5,4.5,1.0,If,0,1
oddOrPos,u-Cccr,1,0,2,2,2.0,4,5,4.5,1.0,If,0,0
oddOrPos,u-Cccr,1,0,2,2,2.0,4,5,4.5,1.0,If,0,1
oddOrPos,u-Cccr,1,0,2,2,2.0,4,5,4.5,1.0,If,0,0
oddOrPos,u-Cccr,1,0,2,2,2.0,4,5,4.5,1.0,If,0,0
oddOrPos,u-Cccr,1,0,2,2,2.0,4,5,4.5,1.0,If,0,0
oddOrPos,u-Cccr,1,0,2,2,2.0,4,5,4.5,1.0,If,0,0
oddOrPos,u-Cccr,1,0,2,2,2.0,4,5,4.5,1.0,If,0,0
oddOrPos,u-Cccr,1,0,2,2,2.0,4,5,4.5,1.0,If,0,1
oddOrPos,u-CCDL,1,0,2,2,2.0,4,5,4.5,1.0,If,0,1
oddOrPos,u-CCDL,1,0,2,2,2.0,4,5,4.5,1.0,If,0,1
oddOrPos,u-CCDL,1,0,2,2,2.0,4,5,4.5,1.0,If,0,0
oddOrPos,u-CCDL,1,0,2,2,2.0,4,5,4.5,1.0,If,0,0
oddOrPos,u-Ccsr,0,0,1,1,1.0,1,6,4.0,0.19140625,For,0,0
oddOrPos,u-Ccsr,0,0,1,1,1.0,1,6,4.0,0.19140625,For,0,0
oddOrPos,u-Ccsr,0,0,1,1,1.0,1,6,4.0,0.19140625,For,0,0
oddOrPos,u-Ccsr,0,0,1,1,1.0,1,6,4.0,0.19140625,For,0,0
oddOrPos,u-Ccsr,0,0,1,1,1.0,1,6,4.0,0.19140625,For,0,0
oddOrPos,u-Ccsr,0,0,1,1,1.0,1,6,4.0,0.19140625,For,0,0
oddOrPos,u-Ccsr,1,0,2,2,2.0,4,5,4.5,1.0,If,1,0
oddOrPos,u-Ccsr,1,0,2,2,2.0,4,5,4.5,1.0,If,1,0
oddOrPos,u-Ccsr,1,0,2,2,2.0,4,5,4.5,1.0,If,0,0
oddOrPos,u-Ccsr,1,0,2,2,2.0,4,5,4.5,1.0,If,0,1
oddOrPos,u-Ccsr,1,0,2,2,2.0,4,5,4.5,1.0,If,0,1
oddOrPos,u-Ccsr,1,0,2,2,2.0,4,5,4.5,1.0,If,0,0
oddOrPos,u-Ccsr,1,0,2,2,2.0,4,5,4.5,1.0,If,0,0
oddOrPos,u-Ccsr,1,0,2,2,2.0,4,5,4.5,1.0,If,0,0
oddOrPos,u-Ccsr,1,0,2,2,2.0,4,5,4.5,1.0,If,0,0
oddOrPos,u-Ccsr,1,0,2,2,2.0,4,5,4.5,1.0,If,0,0
oddOrPos,u-Ccsr,1,0,2,2,2.0,4,5,4.5,1.0,If,0,0
oddOrPos,u-Ccsr,1,0,2,2,2.0,4,5,4.5,1.0,If,0,0
oddOrPos,u-Ccsr,1,0,2,2,2.0,4,5,4.5,1.0,If,0,0
oddOrPos,u-Ccsr,1,0,2,2,2.0,4,5,4.5,1.0,If,0,0
oddOrPos,u-Ccsr,1,0,2,2,2.0,4,5,4.5,1.0,If,0,0
oddOrPos,u-Ccsr,1,0,2,2,2.0,4,5,4.5,1.0,If,0,0
oddOrPos,u-Ccsr,1,0,2,2,2.0,4,5,4.5,1.0,If,0,0
oddOrPos,u-Ccsr,1,0,2,2,2.0,4,5,4.5,1.0,If,0,0
oddOrPos,u-Ccsr,0,0,2,2,2.0,0,0,0.0,0.0546875,Return,0,0
oddOrPos,u-Ccsr,0,0,2,2,2.0,0,0,0.0,0.0546875,Return,0,0
oddOrPos,u-Ccsr,0,0,2,2,2.0,0,0,0.0,0.0546875,Return,0,0
oddOrPos,u-CRCR,0,0,1,1,1.0,1,6,4.0,0.19140625,For,0,0
oddOrPos,u-CRCR,0,0,1,1,1.0,1,6,4.0,0.19140625,For,0,0
oddOrPos,u-CRCR,0,0,1,1,1.0,1,6,4.0,0.19140625,For,0,0
oddOrPos,u-CRCR,0,0,1,1,1.0,1,6,4.0,0.19140625,For,0,0
oddOrPos,u-CRCR,0,0,1,1,1.0,1,6,4.0,0.19140625,For,0,0
oddOrPos,u-CRCR,0,0,1,1,1.0,1,6,4.0,0.19140625,For,0,0
oddOrPos,u-CRCR,0,0,1,1,1.0,1,6,4.0,0.19140625,For,0,0
oddOrPos,u-CRCR,0,0,1,1,1.0,1,6,4.0,0.19140625,For,0,0
oddOrPos,u-CRCR,0,0,1,1,1.0,1,6,4.0,0.19140625,For,0,0
oddOrPos,u-CRCR,0,0,1,1,1.0,1,6,4.0,0.19140625,For,0,0
oddOrPos,u-CRCR,1,0,2,2,2.0,4,5,4.5,1.0,If,1,0
oddOrPos,u-CRCR,1,0,2,2,2.0,4,5,4.5,1.0,If,0,0
oddOrPos,u-CRCR,1,0,2,2,2.0,4,5,4.5,1.0,If,0,1
oddOrPos,u-CRCR,1,0,2,2,2.0,4,5,4.5,1.0,If,0,0
oddOrPos,u-CRCR,1,0,2,2,2.0,4,5,4.5,1.0,If,0,0
oddOrPos,u-CRCR,1,0,2,2,2.0,4,5,4.5,1.0,If,0,1
oddOrPos,u-CRCR,1,0,2,2,2.0,4,5,4.5,1.0,If,0,0
oddOrPos,u-CRCR,1,0,2,2,2.0,4,5,4.5,1.0,If,0,1
oddOrPos,u-CRCR,1,0,2,2,2.0,4,5,4.5,1.0,If,0,0
oddOrPos,u-CRCR,1,0,2,2,2.0,4,5,4.5,1.0,If,0,1
oddOrPos,u-CRCR,1,0,2,2,2.0,4,5,4.5,1.0,If,0,0
oddOrPos,u-CRCR,1,0,2,2,2.0,4,5,4.5,1.0,If,0,0
oddOrPos,u-CRCR,1,0,2,2,2.0,4,5,4.5,1.0,If,0,0
oddOrPos,u-CRCR,1,0,2,2,2.0,4,5,4.5,1.0,If,0,0
oddOrPos,u-CRCR,1,0,2,2,2.0,4,5,4.5,1.0,If,0,0
oddOrPos,u-CRCR,1,0,2,2,2.0,4,5,4.5,1.0,If,0,0
oddOrPos,u-CRCR,1,0,2,2,2.0,4,5,4.5,1.0,If,0,0
oddOrPos,u-CRCR,1,0,2,2,2.0,4,5,4.5,1.0,If,0,0
oddOrPos,u-CRCR,1,0,2,2,2.0,4,5,4.5,1.0,If,0,0
oddOrPos,u-CRCR,1,0,2,2,2.0,4,5,4.5,1.0,If,0,0
oddOrPos,u-CRCR,1,0,2,2,2.0,4,5,4.5,1.0,If,0,0
oddOrPos,u-CRCR,1,0,2,2,2.0,4,5,4.5,1.0,If,0,0
oddOrPos,u-CRCR,1,0,2,2,2.0,4,5,4.5,1.0,If,0,0
oddOrPos,u-CRCR,1,0,2,2,2.0,4,5,4.5,1.0,If,0,0
oddOrPos,u-CRCR,1,0,2,2,2.0,4,5,4.5,1.0,If,0,0
oddOrPos,u-CRCR,1,0,2,2,2.0,4,5,4.5,1.0,If,0,0
oddOrPos,u-CRCR,1,0,2,2,2.0,4,5,4.5,1.0,If,0,0
oddOrPos,u-CRCR,1,0,2,2,2.0,4,5,4.5,1.0,If,0,0
oddOrPos,u-CRCR,1,0,2,2,2.0,4,5,4.5,1.0,If,0,0
oddOrPos,u-CRCR,1,0,2,2,2.0,4,5,4.5,1.0,If,0,0
oddOrPos,u-CRCR,0,0,2,2,2.0,0,0,0.0,0.0546875,Return,0,0
oddOrPos,u-CRCR,0,0,2,2,2.0,0,0,0.0,0.0546875,Return,0,0
oddOrPos,u-CRCR,0,0,2,2,2.0,0,0,0.0,0.0546875,Return,0,0
oddOrPos,u-CRCR,0,0,2,2,2.0,0,0,0.0,0.0546875,Return,0,0
oddOrPos,u-CRCR,0,0,2,2,2.0,0,0,0.0,0.0546875,Return,0,0
oddOrPos,u-OAAN,1,0,2,2,2.0,4,5,4.5,1.0,If,0,1
oddOrPos,u-OAAN,1,0,2,2,2.0,4,5,4.5,1.0,If,0,1
oddOrPos,u-OAAN,1,0,2,2,2.0,4,5,4.5,1.0,If,0,1
oddOrPos,u-OAAN,1,0,2,2,2.0,4,5,4.5,1.0,If,0,1
oddOrPos,u-OAAN,1,0,2,2,2.0,4,5,4.5,1.0,If,0,0
oddOrPos,u-OAAN,1,0,2,2,2.0,4,5,4.5,1.0,If,0,0
oddOrPos,u-OAAN,1,0,2,2,2.0,4,5,4.5,1.0,If,0,0
oddOrPos,u-OAAN,1,0,2,2,2.0,4,5,4.5,1.0,If,0,0
oddOrPos,u-OABN,1,0,2,2,2.0,4,5,4.5,1.0,If,0,1
oddOrPos,u-OABN,1,0,2,2,2.0,4,5,4.5,1.0,If,0,1
oddOrPos,u-OABN,1,0,2,2,2.0,4,5,4.5,1.0,If,0,1
oddOrPos,u-OABN,1,0,2,2,2.0,4,5,4.5,1.0,If,1,0
oddOrPos,u-OABN,1,0,2,2,2.0,4,5,4.5,1.0,If,0,0
oddOrPos,u-OABN,1,0,2,2,2.0,4,5,4.5,1.0,If,0,0
oddOrPos,u-OALN,1,0,2,2,2.0,4,5,4.5,1.0,If,0,0
oddOrPos,u-OALN,1,0,2,2,2.0,4,5,4.5,1.0,If,0,0
oddOrPos,u-OALN,1,0,2,2,2.0,4,5,4.5,1.0,If,0,0
oddOrPos,u-OALN,1,0,2,2,2.0,4,5,4.5,1.0,If,0,0
oddOrPos,u-OARN,1,0,2,2,2.0,4,5,4.5,1.0,If,0,0
oddOrPos,u-OARN,1,0,2,2,2.0,4,5,4.5,1.0,If,0,1
oddOrPos,u-OARN,1,0,2,2,2.0,4,5,4.5,1.0,If,0,0
oddOrPos,u-OARN,1,0,2,2,2.0,4,5,4.5,1.0,If,0,1
oddOrPos,u-OARN,1,0,2,2,2.0,4,5,4.5,1.0,If,0,1
oddOrPos,u-OARN,1,0,2,2,2.0,4,5,4.5,1.0,If,0,0
oddOrPos,u-OARN,1,0,2,2,2.0,4,5,4.5,1.0,If,0,0
oddOrPos,u-OARN,1,0,2,2,2.0,4,5,4.5,1.0,If,0,0
oddOrPos,u-OARN,1,0,2,2,2.0,4,5,4.5,1.0,If,0,0
oddOrPos,u-OARN,1,0,2,2,2.0,4,5,4.5,1.0,If,0,0
oddOrPos,u-OARN,1,0,2,2,2.0,4,5,4.5,1.0,If,0,0
oddOrPos,u-OARN,1,0,2,2,2.0,4,5,4.5,1.0,If,0,0
oddOrPos,u-OASN,1,0,2,2,2.0,4,5,4.5,1.0,If,0,1
oddOrPos,u-OASN,1,0,2,2,2.0,4,5,4.5,1.0,If,0,1
oddOrPos,u-OASN,1,0,2,2,2.0,4,5,4.5,1.0,If,0,0
oddOrPos,u-OASN,1,0,2,2,2.0,4,5,4.5,1.0,If,0,0
oddOrPos,u-OCNG,0,0,1,1,1.0,1,6,4.0,0.19140625,For,0,0
oddOrPos,u-OCNG,1,0,2,2,2.0,4,5,4.5,1.0,If,0,0
oddOrPos,u-OEAA,0,0,0,0,0.0,2,7,5.0,0.06640625,For,0,1
oddOrPos,u-OEAA,0,0,0,0,0.0,2,7,5.0,0.06640625,For,0,0
oddOrPos,u-OEAA,0,0,0,0,0.0,2,7,5.0,0.06640625,For,0,0
oddOrPos,u-OEAA,0,0,0,0,0.0,2,7,5.0,0.06640625,For,0,0
oddOrPos,u-OEAA,0,0,0,0,0.0,2,7,5.0,0.06640625,For,0,0
oddOrPos,u-OEBA,0,0,0,0,0.0,2,7,5.0,0.06640625,For,0,1
oddOrPos,u-OEBA,0,0,0,0,0.0,2,7,5.0,0.06640625,For,0,0
oddOrPos,u-OEBA,0,0,0,0,0.0,2,7,5.0,0.06640625,For,0,0
oddOrPos,u-OESA,0,0,0,0,0.0,2,7,5.0,0.06640625,For,0,0
oddOrPos,u-OESA,0,0,0,0,0.0,2,7,5.0,0.06640625,For,0,0
oddOrPos,u-Oido,0,0,4,5,4.5,2,2,2.0,0.0,For,0,0
oddOrPos,u-Oido,0,1,3,3,3.0,4,4,4.0,0.0234375,Assignment,0,0
oddOrPos,u-OLAN,1,0,2,2,2.0,4,5,4.5,1.0,If,0,1
oddOrPos,u-OLAN,1,0,2,2,2.0,4,5,4.5,1.0,If,0,1
oddOrPos,u-OLAN,1,0,2,2,2.0,4,5,4.5,1.0,If,0,0
oddOrPos,u-OLAN,1,0,2,2,2.0,4,5,4.5,1.0,If,0,0
oddOrPos,u-OLAN,1,0,2,2,2.0,4,5,4.5,1.0,If,0,0
oddOrPos,u-OLAN,1,0,2,2,2.0,4,5,4.5,1.0,If,0,1
oddOrPos,u-OLAN,1,0,2,2,2.0,4,5,4.5,1.0,If,0,0
oddOrPos,u-OLAN,1,0,2,2,2.0,4,5,4.5,1.0,If,0,0
oddOrPos,u-OLAN,1,0,2,2,2.0,4,5,4.5,1.0,If,0,0
oddOrPos,u-OLAN,1,0,2,2,2.0,4,5,4.5,1.0,If,0,0
oddOrPos,u-OLBN,1,0,2,2,2.0,4,5,4.5,1.0,If,0,1
oddOrPos,u-OLBN,1,0,2,2,2.0,4,5,4.5,1.0,If,0,0
oddOrPos,u-OLBN,1,0,2,2,2.0,4,5,4.5,1.0,If,0,1
oddOrPos,u-OLBN,1,0,2,2,2.0,4,5,4.5,1.0,If,0,1
oddOrPos,u-OLBN,1,0,2,2,2.0,4,5,4.5,1.0,If,0,0
oddOrPos,u-OLBN,1,0,2,2,2.0,4,5,4.5,1.0,If,0,0
oddOrPos,u-OLLN,1,0,2,2,2.0,4,5,4.5,1.0,If,0,0
oddOrPos,u-OLLN,1,0,2,2,2.0,4,5,4.5,1.0,If,0,0
oddOrPos,u-OLNG,1,0,2,2,2.0,4,5,4.5,1.0,If,0,0
oddOrPos,u-OLNG,1,0,2,2,2.0,4,5,4.5,1.0,If,0,0
oddOrPos,u-OLNG,1,0,2,2,2.0,4,5,4.5,1.0,If,0,0
oddOrPos,u-OLNG,1,0,2,2,2.0,4,5,4.5,1.0,If,0,0
oddOrPos,u-OLNG,1,0,2,2,2.0,4,5,4.5,1.0,If,0,0
oddOrPos,u-OLNG,1,0,2,2,2.0,4,5,4.5,1.0,If,0,0
oddOrPos,u-OLRN,1,0,2,2,2.0,4,5,4.5,1.0,If,0,1
oddOrPos,u-OLRN,1,0,2,2,2.0,4,5,4.5,1.0,If,0,0
oddOrPos,u-OLRN,1,0,2,2,2.0,4,5,4.5,1.0,If,0,0
oddOrPos,u-OLRN,1,0,2,2,2.0,4,5,4.5,1.0,If,0,0
oddOrPos,u-OLRN,1,0,2,2,2.0,4,5,4.5,1.0,If,0,0
oddOrPos,u-OLRN,1,0,2,2,2.0,4,5,4.5,1.0,If,0,1
oddOrPos,u-OLRN,1,0,2,2,2.0,4,5,4.5,1.0,If,0,0
oddOrPos,u-OLRN,1,0,2,2,2.0,4,5,4.5,1.0,If,0,0
oddOrPos,u-OLRN,1,0,2,2,2.0,4,5,4.5,1.0,If,0,0
oddOrPos,u-OLRN,1,0,2,2,2.0,4,5,4.5,1.0,If,0,0
oddOrPos,u-OLRN,1,0,2,2,2.0,4,5,4.5,1.0,If,0,0
oddOrPos,u-OLRN,1,0,2,2,2.0,4,5,4.5,1.0,If,0,0
oddOrPos,u-OLSN,1,0,2,2,2.0,4,5,4.5,1.0,If,0,0
oddOrPos,u-OLSN,1,0,2,2,2.0,4,5,4.5,1.0,If,0,0
oddOrPos,u-OLSN,1,0,2,2,2.0,4,5,4.5,1.0,If,0,0
oddOrPos,u-OLSN,1,0,2,2,2.0,4,5,4.5,1.0,If,0,0
oddOrPos,u-OODL,0,0,1,1,1.0,1,6,4.0,0.19140625,For,0,0
oddOrPos,u-OODL,0,0,1,1,1.0,1,6,4.0,0.19140625,For,0,0
oddOrPos,u-OODL,1,0,2,2,2.0,4,5,4.5,1.0,If,0,1
oddOrPos,u-OODL,1,0,2,2,2.0,4,5,4.5,1.0,If,0,1
oddOrPos,u-OODL,1,0,2,2,2.0,4,5,4.5,1.0,If,0,1
oddOrPos,u-OODL,1,0,2,2,2.0,4,5,4.5,1.0,If,0,0
oddOrPos,u-OODL,1,0,2,2,2.0,4,5,4.5,1.0,If,0,0
oddOrPos,u-OODL,1,0,2,2,2.0,4,5,4.5,1.0,If,0,0
oddOrPos,u-OODL,1,0,2,2,2.0,4,5,4.5,1.0,If,0,0
oddOrPos,u-OODL,1,0,2,2,2.0,4,5,4.5,1.0,If,0,1
oddOrPos,u-OODL,1,0,2,2,2.0,4,5,4.5,1.0,If,0,0
oddOrPos,u-OODL,1,0,2,2,2.0,4,5,4.5,1.0,If,0,0
oddOrPos,u-OODL,1,0,2,2,2.0,4,5,4.5,1.0,If,0,1
oddOrPos,u-OODL,1,0,2,2,2.0,4,5,4.5,1.0,If,0,0
oddOrPos,u-OODL,1,0,2,2,2.0,4,5,4.5,1.0,If,0,0
oddOrPos,u-OODL,1,0,2,2,2.0,4,5,4.5,1.0,If,0,0
oddOrPos,u-OODL,1,0,2,2,2.0,4,5,4.5,1.0,If,0,0
oddOrPos,u-ORAN,0,0,1,1,1.0,1,6,4.0,0.19140625,For,0,0
oddOrPos,u-ORAN,0,0,1,1,1.0,1,6,4.0,0.19140625,For,0,1
oddOrPos,u-ORAN,0,0,1,1,1.0,1,6,4.0,0.19140625,For,0,0
oddOrPos,u-ORAN,0,0,1,1,1.0,1,6,4.0,0.19140625,For,0,0
oddOrPos,u-ORAN,0,0,1,1,1.0,1,6,4.0,0.19140625,For,0,0
oddOrPos,u-ORAN,1,0,2,2,2.0,4,5,4.5,1.0,If,0,0
oddOrPos,u-ORAN,1,0,2,2,2.0,4,5,4.5,1.0,If,0,0
oddOrPos,u-ORAN,1,0,2,2,2.0,4,5,4.5,1.0,If,0,1
oddOrPos,u-ORAN,1,0,2,2,2.0,4,5,4.5,1.0,If,0,1
oddOrPos,u-ORAN,1,0,2,2,2.0,4,5,4.5,1.0,If,0,1
oddOrPos,u-ORAN,1,0,2,2,2.0,4,5,4.5,1.0,If,0,0
oddOrPos,u-ORAN,1,0,2,2,2.0,4,5,4.5,1.0,If,0,0
oddOrPos,u-ORAN,1,0,2,2,2.0,4,5,4.5,1.0,If,0,1
oddOrPos,u-ORAN,1,0,2,2,2.0,4,5,4.5,1.0,If,0,1
oddOrPos,u-ORAN,1,0,2,2,2.0,4,5,4.5,1.0,If,0,0
oddOrPos,u-ORAN,1,0,2,2,2.0,4,5,4.5,1.0,If,0,0
oddOrPos,u-ORAN,1,0,2,2,2.0,4,5,4.5,1.0,If,0,0
oddOrPos,u-ORAN,1,0,2,2,2.0,4,5,4.5,1.0,If,0,0
oddOrPos,u-ORAN,1,0,2,2,2.0,4,5,4.5,1.0,If,0,0
oddOrPos,u-ORAN,1,0,2,2,2.0,4,5,4.5,1.0,If,0,0
oddOrPos,u-ORBN,0,0,1,1,1.0,1,6,4.0,0.19140625,For,0,0
oddOrPos,u-ORBN,0,0,1,1,1.0,1,6,4.0,0.19140625,For,0,0
oddOrPos,u-ORBN,0,0,1,1,1.0,1,6,4.0,0.19140625,For,0,1
oddOrPos,u-ORBN,1,0,2,2,2.0,4,5,4.5,1.0,If,0,0
oddOrPos,u-ORBN,1,0,2,2,2.0,4,5,4.5,1.0,If,0,1
oddOrPos,u-ORBN,1,0,2,2,2.0,4,5,4.5,1.0,If,0,0
oddOrPos,u-ORBN,1,0,2,2,2.0,4,5,4.5,1.0,If,0,0
oddOrPos,u-ORBN,1,0,2,2,2.0,4,5,4.5,1.0,If,0,1
oddOrPos,u-ORBN,1,0,2,2,2.0,4,5,4.5,1.0,If,0,0
oddOrPos,u-ORBN,1,0,2,2,2.0,4,5,4.5,1.0,If,0,0
oddOrPos,u-ORBN,1,0,2,2,2.0,4,5,4.5,1.0,If,0,0
oddOrPos,u-ORBN,1,0,2,2,2.0,4,5,4.5,1.0,If,0,0
oddOrPos,u-ORLN,0,0,1,1,1.0,1,6,4.0,0.19140625,For,0,0
oddOrPos,u-ORLN,0,0,1,1,1.0,1,6,4.0,0.19140625,For,0,0
oddOrPos,u-ORLN,1,0,2,2,2.0,4,5,4.5,1.0,If,0,0
oddOrPos,u-ORLN,1,0,2,2,2.0,4,5,4.5,1.0,If,0,1
oddOrPos,u-ORLN,1,0,2,2,2.0,4,5,4.5,1.0,If,0,0
oddOrPos,u-ORLN,1,0,2,2,2.0,4,5,4.5,1.0,If,0,1
oddOrPos,u-ORLN,1,0,2,2,2.0,4,5,4.5,1.0,If,0,0
oddOrPos,u-ORLN,1,0,2,2,2.0,4,5,4.5,1.0,If,0,0
oddOrPos,u-ORRN,0,0,1,1,1.0,1,6,4.0,0.19140625,For,0,0
oddOrPos,u-ORRN,0,0,1,1,1.0,1,6,4.0,0.19140625,For,0,1
oddOrPos,u-ORRN,0,0,1,1,1.0,1,6,4.0,0.19140625,For,0,0
oddOrPos,u-ORRN,0,0,1,1,1.0,1,6,4.0,0.19140625,For,0,0
oddOrPos,u-ORRN,0,0,1,1,1.0,1,6,4.0,0.19140625,For,0,1
oddOrPos,u-ORRN,1,0,2,2,2.0,4,5,4.5,1.0,If,0,0
oddOrPos,u-ORRN,1,0,2,2,2.0,4,5,4.5,1.0,If,0,1
oddOrPos,u-ORRN,1,0,2,2,2.0,4,5,4.5,1.0,If,0,0
oddOrPos,u-ORRN,1,0,2,2,2.0,4,5,4.5,1.0,If,0,1
oddOrPos,u-ORRN,1,0,2,2,2.0,4,5,4.5,1.0,If,0,0
oddOrPos,u-ORRN,1,0,2,2,2.0,4,5,4.5,1.0,If,0,0
oddOrPos,u-ORRN,1,0,2,2,2.0,4,5,4.5,1.0,If,0,0
oddOrPos,u-ORRN,1,0,2,2,2.0,4,5,4.5,1.0,If,0,1
oddOrPos,u-ORRN,1,0,2,2,2.0,4,5,4.5,1.0,If,0,0
oddOrPos,u-ORRN,1,0,2,2,2.0,4,5,4.5,1.0,If,0,0
oddOrPos,u-ORRN,1,0,2,2,2.0,4,5,4.5,1.0,If,0,0
oddOrPos,u-ORRN,1,0,2,2,2.0,4,5,4.5,1.0,If,0,0
oddOrPos,u-ORRN,1,0,2,2,2.0,4,5,4.5,1.0,If,0,0
oddOrPos,u-ORRN,1,0,2,2,2.0,4,5,4.5,1.0,If,0,0
oddOrPos,u-ORRN,1,0,2,2,2.0,4,5,4.5,1.0,If,0,0
oddOrPos,u-ORSN,0,0,1,1,1.0,1,6,4.0,0.19140625,For,0,0
oddOrPos,u-ORSN,0,0,1,1,1.0,1,6,4.0,0.19140625,For,0,0
oddOrPos,u-ORSN,1,0,2,2,2.0,4,5,4.5,1.0,If,0,1
oddOrPos,u-ORSN,1,0,2,2,2.0,4,5,4.5,1.0,If,0,1
oddOrPos,u-ORSN,1,0,2,2,2.0,4,5,4.5,1.0,If,0,1
oddOrPos,u-ORSN,1,0,2,2,2.0,4,5,4.5,1.0,If,0,1
oddOrPos,u-ORSN,1,0,2,2,2.0,4,5,4.5,1.0,If,0,0
oddOrPos,u-ORSN,1,0,2,2,2.0,4,5,4.5,1.0,If,0,0
oddOrPos,u-SMTC,0,0,0,0,0.0,2,7,5.0,0.06640625,Declaration,0,0
oddOrPos,u-SMTT,0,0,0,0,0.0,2,7,5.0,0.06640625,Declaration,0,0
oddOrPos,u-SRSR,0,1,3,3,3.0,4,4,4.0,0.0234375,Assignment,0,0
oddOrPos,u-SRSR,0,1,3,3,3.0,4,4,4.0,0.0234375,Assignment,0,0
oddOrPos,u-SRSR,1,0,2,2,2.0,4,5,4.5,1.0,Block,0,0
oddOrPos,u-SRSR,1,0,2,2,2.0,4,5,4.5,1.0,Block,0,0
oddOrPos,u-SRSR,0,0,0,0,0.0,2,7,5.0,0.06640625,Block,0,0
oddOrPos,u-SSDL,0,1,3,3,3.0,4,4,4.0,0.0234375,Assignment,0,0
oddOrPos,u-SSDL,0,1,3,3,3.0,4,4,4.0,0.0234375,Assignment,0,0
oddOrPos,u-SSDL,1,0,2,2,2.0,4,5,4.5,1.0,Block,0,0
oddOrPos,u-SSDL,1,0,2,2,2.0,4,5,4.5,1.0,Block,0,0
oddOrPos,u-SSDL,0,0,0,0,0.0,2,7,5.0,0.06640625,Block,0,0
oddOrPos,u-SSDL,0,0,2,2,2.0,0,0,0.0,0.0546875,Return,0,0
oddOrPos,u-SSDL,0,0,0,0,0.0,2,7,5.0,0.06640625,Block,0,0
oddOrPos,u-STRI,1,0,2,2,2.0,4,5,4.5,1.0,If,0,0
oddOrPos,u-STRI,1,0,2,2,2.0,4,5,4.5,1.0,If,0,0
oddOrPos,u-STRP,0,1,3,3,3.0,4,4,4.0,0.0234375,Assignment,0,0
oddOrPos,u-STRP,0,1,3,3,3.0,4,4,4.0,0.0234375,Assignment,0,0
oddOrPos,u-STRP,1,0,2,2,2.0,4,5,4.5,1.0,Block,0,0
oddOrPos,u-STRP,1,0,2,2,2.0,4,5,4.5,1.0,Block,0,0
oddOrPos,u-STRP,0,0,0,0,0.0,2,7,5.0,0.06640625,Block,0,0
oddOrPos,u-STRP,0,0,2,2,2.0,0,0,0.0,0.0546875,Return,0,0
oddOrPos,u-STRP,0,0,0,0,0.0,2,7,5.0,0.06640625,Block,0,0
oddOrPos,u-VDTR,0,0,1,1,1.0,1,6,4.0,0.19140625,For,0,0
oddOrPos,u-VDTR,0,0,1,1,1.0,1,6,4.0,0.19140625,For,0,1
oddOrPos,u-VDTR,0,0,1,1,1.0,1,6,4.0,0.19140625,For,0,0
oddOrPos,u-VDTR,0,0,1,1,1.0,1,6,4.0,0.19140625,For,0,0
oddOrPos,u-VDTR,0,0,1,1,1.0,1,6,4.0,0.19140625,For,0,1
oddOrPos,u-VDTR,0,0,1,1,1.0,1,6,4.0,0.19140625,For,1,0
oddOrPos,u-VDTR,1,0,2,2,2.0,4,5,4.5,1.0,If,0,0
oddOrPos,u-VDTR,1,0,2,2,2.0,4,5,4.5,1.0,If,0,1
oddOrPos,u-VDTR,1,0,2,2,2.0,4,5,4.5,1.0,If,0,0
oddOrPos,u-VDTR,1,0,2,2,2.0,4,5,4.5,1.0,If,0,0
oddOrPos,u-VDTR,1,0,2,2,2.0,4,5,4.5,1.0,If,0,0
oddOrPos,u-VDTR,1,0,2,2,2.0,4,5,4.5,1.0,If,0,0
oddOrPos,u-VDTR,1,0,2,2,2.0,4,5,4.5,1.0,If,0,0
oddOrPos,u-VDTR,1,0,2,2,2.0,4,5,4.5,1.0,If,0,1
oddOrPos,u-VDTR,1,0,2,2,2.0,4,5,4.5,1.0,If,0,0
oddOrPos,u-VDTR,1,0,2,2,2.0,4,5,4.5,1.0,If,0,0
oddOrPos,u-VDTR,1,0,2,2,2.0,4,5,4.5,1.0,If,0,0
oddOrPos,u-VDTR,1,0,2,2,2.0,4,5,4.5,1.0,If,0,0
oddOrPos,u-VDTR,1,0,2,2,2.0,4,5,4.5,1.0,If,0,0
oddOrPos,u-VDTR,1,0,2,2,2.0,4,5,4.5,1.0,If,0,1
oddOrPos,u-VDTR,1,0,2,2,2.0,4,5,4.5,1.0,If,0,0
oddOrPos,u-VDTR,1,0,2,2,2.0,4,5,4.5,1.0,If,0,0
oddOrPos,u-VDTR,1,0,2,2,2.0,4,5,4.5,1.0,If,0,0
oddOrPos,u-VDTR,1,0,2,2,2.0,4,5,4.5,1.0,If,0,0
oddOrPos,u-VDTR,0,0,2,2,2.0,0,0,0.0,0.0546875,Return,0,0
oddOrPos,u-VDTR,0,0,2,2,2.0,0,0,0.0,0.0546875,Return,0,1
oddOrPos,u-VDTR,0,0,2,2,2.0,0,0,0.0,0.0546875,Return,1,0
oddOrPos,u-VLSR,0,0,0,0,0.0,2,7,5.0,0.06640625,For,0,0
oddOrPos,u-VLSR,0,0,0,0,0.0,2,7,5.0,0.06640625,For,0,0
oddOrPos,u-VLSR,0,0,1,1,1.0,1,6,4.0,0.19140625,For,0,0
oddOrPos,u-VLSR,0,0,1,1,1.0,1,6,4.0,0.19140625,For,0,0
oddOrPos,u-VLSR,0,0,1,1,1.0,1,6,4.0,0.19140625,For,0,0
oddOrPos,u-VLSR,0,0,1,1,1.0,1,6,4.0,0.19140625,For,0,0
oddOrPos,u-VLSR,0,0,4,5,4.5,2,2,2.0,0.0,For,0,0
oddOrPos,u-VLSR,0,0,4,5,4.5,2,2,2.0,0.0,For,0,0
oddOrPos,u-VLSR,1,0,2,2,2.0,4,5,4.5,1.0,If,1,0
oddOrPos,u-VLSR,1,0,2,2,2.0,4,5,4.5,1.0,If,0,1
oddOrPos,u-VLSR,1,0,2,2,2.0,4,5,4.5,1.0,If,0,0
oddOrPos,u-VLSR,1,0,2,2,2.0,4,5,4.5,1.0,If,0,0
oddOrPos,u-VLSR,1,0,2,2,2.0,4,5,4.5,1.0,If,0,0
oddOrPos,u-VLSR,1,0,2,2,2.0,4,5,4.5,1.0,If,0,0
oddOrPos,u-VLSR,1,0,2,2,2.0,4,5,4.5,1.0,If,0,0
oddOrPos,u-VLSR,1,0,2,2,2.0,4,5,4.5,1.0,If,0,0
oddOrPos,u-VLSR,1,0,2,2,2.0,4,5,4.5,1.0,If,0,0
oddOrPos,u-VLSR,1,0,2,2,2.0,4,5,4.5,1.0,If,0,0
oddOrPos,u-VLSR,1,0,2,2,2.0,4,5,4.5,1.0,If,0,0
oddOrPos,u-VLSR,1,0,2,2,2.0,4,5,4.5,1.0,If,0,0
oddOrPos,u-VLSR,1,0,2,2,2.0,4,5,4.5,1.0,If,0,0
oddOrPos,u-VLSR,1,0,2,2,2.0,4,5,4.5,1.0,If,0,0
oddOrPos,u-VLSR,1,0,2,2,2.0,4,5,4.5,1.0,If,0,0
oddOrPos,u-VLSR,0,1,3,3,3.0,4,4,4.0,0.0234375,Assignment,0,0
oddOrPos,u-VLSR,0,1,3,3,3.0,4,4,4.0,0.0234375,Assignment,0,0
oddOrPos,u-VLSR,0,0,2,2,2.0,0,0,0.0,0.0546875,Return,0,0
oddOrPos,u-VLSR,0,0,2,2,2.0,0,0,0.0,0.0546875,Return,0,0
oddOrPos,u-VTWD,0,0,1,1,1.0,1,6,4.0,0.19140625,For,0,1
oddOrPos,u-VTWD,0,0,1,1,1.0,1,6,4.0,0.19140625,For,0,0
oddOrPos,u-VTWD,0,0,1,1,1.0,1,6,4.0,0.19140625,For,0,0
oddOrPos,u-VTWD,0,0,1,1,1.0,1,6,4.0,0.19140625,For,0,1
oddOrPos,u-VTWD,1,0,2,2,2.0,4,5,4.5,1.0,If,0,0
oddOrPos,u-VTWD,1,0,2,2,2.0,4,5,4.5,1.0,If,0,0
oddOrPos,u-VTWD,1,0,2,2,2.0,4,5,4.5,1.0,If,0,1
oddOrPos,u-VTWD,1,0,2,2,2.0,4,5,4.5,1.0,If,0,0
oddOrPos,u-VTWD,1,0,2,2,2.0,4,5,4.5,1.0,If,0,0
oddOrPos,u-VTWD,1,0,2,2,2.0,4,5,4.5,1.0,If,1,0
oddOrPos,u-VTWD,1,0,2,2,2.0,4,5,4.5,1.0,If,0,0
oddOrPos,u-VTWD,1,0,2,2,2.0,4,5,4.5,1.0,If,0,0
oddOrPos,u-VTWD,1,0,2,2,2.0,4,5,4.5,1.0,If,0,0
oddOrPos,u-VTWD,1,0,2,2,2.0,4,5,4.5,1.0,If,0,0
oddOrPos,u-VTWD,1,0,2,2,2.0,4,5,4.5,1.0,If,0,1
oddOrPos,u-VTWD,1,0,2,2,2.0,4,5,4.5,1.0,If,0,0
oddOrPos,u-VTWD,0,0,2,2,2.0,0,0,0.0,0.0546875,Return,0,0
oddOrPos,u-VTWD,0,0,2,2,2.0,0,0,0.0,0.0546875,Return,0,0
oddOrPos,u-VVDL,0,0,1,1,1.0,1,6,4.0,0.19140625,For,0,0
oddOrPos,u-VVDL,0,0,1,1,1.0,1,6,4.0,0.19140625,For,0,0
oddOrPos,u-VVDL,1,0,2,2,2.0,4,5,4.5,1.0,If,0,1
oddOrPos,u-VVDL,1,0,2,2,2.0,4,5,4.5,1.0,If,0,0
oddOrPos,u-VVDL,1,0,2,2,2.0,4,5,4.5,1.0,If,0,0
